{"RANDOM_SEED": 7, "conf_int_rt": [1123.7379309985272, 1030.4446796111515, 955.9741699419483, 872.5770268539604, 774.2191989772509, 707.9461835387237, 569.2038985134918, 505.3925203189242, 464.0986803986616, 347.7318609084964, 279.216946467287, 179.5315308091756, 52.13832613435204, 89.79635700006881, 8.21464092370121, 14.952554441299625, 9.146294728226984, 3.5460813147772363, 3.0098128029667173, 3.08789717585322, 2.6475787591844018, 1.4876402822969936, 1.8671923307976765, 1.4805850435685262, 1.191049498069507], "maxbatch": 5, "mean_response_time": [6306.4503321983066, 5755.3619966570805, 5299.1387903967116, 4867.3009172962238, 4474.1685275263217, 3936.3979032918405, 3340.9851041471397, 2865.837149594905, 2624.8808290862698, 1988.0184244964041, 1751.2508645842565, 976.09147078804676, 456.730614145027, 308.71190049182479, 50.022151046950832, 54.187332905189649, 35.058705223403216, 25.268684302966381, 21.695516402918617, 18.181308767031222, 19.226319331922681, 14.860323974078236, 16.041941174423357, 14.244988165324395, 12.479143748298062], "SERVICE_TIME1": 2.0, "SERVICE_TIME2": 5.0, "conf_int_bo2": [0.16903509945800543, 0.1428659283217355, 0.14091114361373303, 0.1386829113844149, 0.22886598766816002, 0.14590625539008506, 0.29696888451638714, 0.21158477808236098, 0.18643153320956218, 0.231917625296979, 0.25750476946929934, 0.19954162801701858, 0.2136129629314113, 0.3565339216782315, 0.29854158187303426, 0.17449414411826214, 0.15452859556207676, 0.09209143654371893, 0.1636824819261094, 0.08267326972841194, 0.08104123674551789, 0.16580820803307494, 0.10824023104641817, 0.09221484135430036, 0.16892543897247914], "conf_int_bo1": [804.9527163780767, 945.1791847820805, 1020.7819137266333, 1012.5323233019408, 935.2663165335343, 737.3050811606909, 529.0721182711159, 427.23476828290404, 342.4223933007313, 241.0615168467416, 172.6117518100225, 110.19968151250646, 26.025792916922228, 48.27930327877135, 4.335534523483599, 6.89121353071905, 4.194935619111291, 1.8490337931398022, 1.4375838767401206, 1.3905304043394358, 1.1685373028474277, 0.6554711091684862, 0.7605347191096357, 0.6071790248947058, 0.39513273633773593], "ARRIVAL_TIME": [1.0, 1.375, 1.75, 2.125, 2.5, 2.875, 3.25, 3.625, 4.0, 4.375, 4.75, 5.125, 5.5, 5.875, 6.25, 6.625, 7.0, 7.375, 7.75, 8.125, 8.5, 8.875, 9.25, 9.625, 10.0], "CONF_LEVEL": 0.9, "minbatch": 1, "boccupancy2_mean": [0.86274634636361236, 0.79400259333070566, 0.77310321644460722, 0.72803711098233304, 1.0917614853349238, 0.82682351360069428, 1.1683804601276409, 0.99885635426313379, 0.80429115329372169, 1.0155007614944178, 1.0800364447445623, 0.7088467518218986, 1.0712538947520693, 1.0139643415629922, 0.85132458211642004, 0.74717759746488044, 0.61758374165131757, 0.52961196741676131, 0.56684135276652414, 0.36840052030832166, 0.35375540959901497, 0.49097710881769474, 0.42378782603448711, 0.38198093470786559, 0.35270808359428574], "buffer1": 10000, "boccupancy1_mean": [8730.8324600200285, 7964.2441459495021, 7288.52857605999, 6357.5326103819616, 5397.2672340657045, 4123.6747766184735, 3015.8938961988679, 2354.9006131077895, 1958.0976078473293, 1367.2063521833772, 1089.4705883088859, 571.02786678127995, 233.58206134110358, 162.63483096448954, 21.913848316761133, 23.379576811009649, 13.995782929297707, 9.8196549466642242, 7.8271158443771043, 6.139607854976755, 6.9018787475926757, 4.6065289978807273, 5.258331282414443, 4.3638360469327022, 3.609476520213263], "buffer2": 10000}