{"RANDOM_SEED": 7, "SIM_TIME": 1000000, "boccupancy2_mean": [9399.8873231438283, 9417.1212965216346, 9445.1902166008203, 9396.5181247490618, 9476.0682645517518, 9316.4688041393383, 9429.3266535403473, 9373.0675369731762, 9492.7907473688483, 9415.0633299046895, 9411.4970360217376, 9445.6389859473275, 9370.5373900277827, 9427.4508000509068, 9410.2456362330813, 9381.0179335259472, 9404.2294002725303, 9438.8144605533798, 9352.0464075612817, 9422.5154704152137, 9409.9747547075422, 9387.8909518118653, 9306.0590589386666, 9421.89776211137, 9400.0534881307249, 9385.6111152637422, 9348.6421436800756, 9360.4862844802992, 9261.2263172595667, 9051.8148017358853, 8680.3921362626552, 8309.5633907568063, 7369.0116487814157, 5907.1468408263336, 4854.2555923505388, 1040.6522509095014, 63.615514729328147, 36.161874653517209, 23.317961564720367, 18.184430148475418, 14.426089079149151, 10.104793829530573, 8.5755307938680545, 7.5074700280039357, 6.5292339286415153, 5.7646103809469595, 5.2981677657974124, 4.9149411131999372, 4.2838180577790199, 4.2287334749339491], "duration": 3476.594829082489, "maxbatch": 5, "mean_response_time": [446669.53914828296, 431785.01966761256, 417236.89925726276, 402735.09954427689, 388130.7853230054, 373147.51043559198, 359247.76436802826, 344389.76832652523, 331524.78706147318, 314943.01668596891, 301937.01236645941, 285489.38772780454, 272818.88432318904, 258260.29144348073, 242949.54598580286, 227108.74860665426, 213987.50510374739, 201286.28623845999, 185663.7772193256, 167801.19580897805, 158026.6737239823, 142150.18072417413, 125555.92013942075, 114316.00436390167, 100318.06943254115, 86218.448770420306, 68300.115646834107, 54049.194879534887, 46840.205821663527, 41304.172132942222, 33901.033417826038, 28913.431220951581, 20488.616873321105, 14293.297489339762, 11741.272786266341, 2610.5242516040421, 185.41623667265134, 115.9549998993417, 82.676299911919202, 68.334428016144912, 57.574105002182876, 45.668336186519085, 40.880822698825952, 37.693108756110497, 34.720777223428328, 32.272952523755329, 30.709252631970486, 29.448543070683968, 27.243181104675841, 27.01165741780677], "SERVICE_TIME1": 2.0, "SERVICE_TIME2": 5.0, "NUM": 50, "CONF_LEVEL": 0.9, "DIM_BATCHES": 50000, "P": 0.5, "NUM_BATCHES": 20, "buffer1": 10000, "buffer2": 10000, "conf_int_rt": [90070.46480268514, 87122.45738155441, 84197.14257079718, 81259.83475205075, 78251.17518924555, 75357.62524130353, 72507.45176321728, 69602.85479866399, 66755.43104429229, 63556.138654215174, 60905.31336542385, 57626.67437886415, 55076.42036725953, 51843.56383257412, 49197.17498299948, 45561.52520489358, 43659.59608413768, 40584.507132001105, 37410.261566947156, 34039.41051561537, 31499.312969118517, 28787.076920849693, 25520.332187030086, 22851.91144310948, 20119.479646809283, 17565.902638980944, 14142.394068084053, 11166.008829522485, 9503.505921977048, 8299.655131823129, 6865.701165643146, 5910.545193966358, 4167.045864615273, 3080.807556215448, 2461.0047248880546, 642.9189308083255, 28.2998209514858, 15.106314164919922, 5.885093156757307, 5.528425886385101, 4.432325305038965, 2.148791386157839, 2.0051789246989316, 1.9222586579263776, 1.376685901336927, 1.14733185521035, 1.035046986313695, 1.150309098704703, 0.7311672997331442, 0.7411808538900111], "descr": "ex2_remwarmup", "boccupancy1_mean": [9999.4405486785236, 9999.3195581890141, 9999.1846119515194, 9999.0428421118777, 9998.8945655721891, 9998.7309162010934, 9998.5708809144708, 9998.3704759087013, 9998.1763221551555, 9997.9369098083389, 9997.6731114929844, 9997.4021800710052, 9997.0718020402455, 9996.7424616517001, 9996.3699485214784, 9995.7956236587706, 9995.2409574277299, 9994.6464931319297, 9993.6615940332285, 9981.0512358647684, 9976.2564820570096, 9913.1655629426186, 9850.9881116125289, 9752.1088803332968, 9531.2492532098822, 9129.1284011524658, 7370.1315526380558, 1192.8896279042231, 75.348711206689401, 43.333310657912961, 27.183165947874073, 20.08383566178242, 16.287311217534306, 13.504054783946, 12.600080032612022, 10.476597813859525, 8.9849815260528256, 8.6682365430558121, 7.9259552857500921, 7.1431691222611953, 6.7298594355192298, 6.1298367161053893, 5.690869237107246, 5.4048537804882573, 5.2546311701701063, 4.962828130279954, 4.8204180072469516, 4.6629055605910024, 4.3993086685656246, 4.3622096373419978], "conf_int_bo2": [617.0353739172333, 611.6726331594491, 593.0043490123862, 615.768986110992, 564.7034602587082, 667.2341710438777, 597.426827780464, 640.6853373310623, 554.2325947080099, 604.5198799692171, 613.6245204408478, 585.7031678080784, 633.5289010139077, 607.6199675139669, 603.8284358126693, 632.8705366003178, 615.2900407351863, 593.8518147151353, 647.8703261271621, 609.9763968747757, 620.1119223896058, 623.5007410635117, 685.3824748584593, 607.0188812388151, 614.3940063992777, 638.9181061152303, 646.291567903103, 640.366699767068, 694.1551024716464, 792.4743063042552, 924.910449426502, 1045.24517488964, 1199.9621908568133, 1224.278861185644, 1012.3086884858926, 259.0189472632935, 11.147332142334932, 5.9139408439833225, 2.16859238506969, 2.083574329920207, 1.5795153804734525, 0.8062296896678642, 0.7084914683531132, 0.6841344547849006, 0.4736539316978412, 0.3721899506024453, 0.3633747862008381, 0.39713313906979497, 0.24103905794984204, 0.23286028586516894], "conf_int_bo1": [0.0030026672775420593, 0.004138811755183269, 0.006700584362988593, 0.00652669626288116, 0.006155858382044244, 0.008198148918381776, 0.013295514001583797, 0.014629822935603443, 0.014526915569149423, 0.01702251327333215, 0.03163819748806418, 0.021793071016873, 0.031294762065954274, 0.04514609179386753, 0.04759692017432826, 0.07473853730334667, 0.08594293602800462, 0.07930691948786261, 0.21435736301282304, 18.58397099044123, 24.761766317451475, 125.97954162936367, 222.48045860725506, 329.2077697362456, 513.8607551256791, 748.0797123560278, 1130.2987164066935, 278.46614831825275, 14.332250815775325, 4.8945423287425385, 2.3871872282641924, 1.3564934957423311, 1.138493609597763, 0.5861354153295277, 0.7056975444165179, 0.40262599307069635, 0.24537110326502543, 0.2807548059962084, 0.33351127662453717, 0.209434761112532, 0.2336283790873166, 0.12108180486816966, 0.17923948531794576, 0.12448285953743987, 0.10960565401718281, 0.1016534831101179, 0.0942129763548154, 0.12954940033037854, 0.06511926953192582, 0.09950911200930257], "ARRIVAL_TIME": [1.0, 1.183673469387755, 1.3673469387755102, 1.5510204081632653, 1.7346938775510203, 1.9183673469387754, 2.1020408163265305, 2.2857142857142856, 2.4693877551020407, 2.6530612244897958, 2.836734693877551, 3.0204081632653064, 3.2040816326530615, 3.3877551020408165, 3.5714285714285716, 3.7551020408163267, 3.938775510204082, 4.122448979591837, 4.3061224489795915, 4.4897959183673475, 4.673469387755102, 4.857142857142858, 5.040816326530613, 5.224489795918368, 5.408163265306123, 5.591836734693878, 5.775510204081633, 5.959183673469388, 6.142857142857143, 6.326530612244898, 6.510204081632653, 6.6938775510204085, 6.877551020408164, 7.061224489795919, 7.244897959183674, 7.428571428571429, 7.612244897959184, 7.795918367346939, 7.979591836734694, 8.16326530612245, 8.346938775510203, 8.53061224489796, 8.714285714285715, 8.89795918367347, 9.081632653061225, 9.26530612244898, 9.448979591836736, 9.63265306122449, 9.816326530612246, 10.0], "minbatch": 1}