{"RANDOM_SEED": 7, "SIM_TIME": 1000000, "boccupancy2_mean": [1.0571146995333853, 1.0120322551431842, 1.0235631113219492, 1.0282325297364379, 1.0035927903501669, 1.0520294858072146, 1.0489924821712429, 1.0194500299312643, 1.0153327478380931, 1.0525492186010534, 1.0367713000051721, 1.0332678684986483, 0.99611567970252113, 1.057088976285629, 1.0578048837069611, 1.0506025037569824, 0.99449010778887748, 1.0149081107243945, 1.0474658514501625, 1.0525256352889658, 1.0795838129716064, 1.0539205613443436, 1.0805926780190143, 1.0135149720161496, 1.0867215908178156, 1.0220774767301086, 1.0364273538697815, 1.0329780940076398, 1.0134053819524049, 0.90213507385751068, 0.80917816454142211, 0.7701463966015496, 0.74445152236239409, 0.74200547599130207, 0.68674190983761196, 0.6387012626056775, 0.60585187921466555, 0.57998587104328736, 0.55587362756502168, 0.54276161266916279, 0.51784443512397449, 0.5009693172252514, 0.48852666314817977, 0.43980525010943705, 0.4222182228355702, 0.41749731632494885, 0.41652869751613841, 0.38866656361376722, 0.36782634801569897, 0.37931067317957023], "duration": 2822.78133392334, "maxbatch": 5, "mean_response_time": [437719.57299367589, 421286.49873624707, 404333.87977963046, 389225.01986318565, 373036.2047428778, 358786.12208314403, 341556.96743791614, 325146.26202463079, 309328.30085667933, 291539.89654507063, 276615.59377106413, 261116.01336657716, 245726.39362622876, 228927.87215971609, 212640.6834088999, 195911.76493129818, 179268.27626479935, 162058.79474896711, 147562.73106010247, 131531.07899627049, 114832.95343044207, 100498.9261049974, 85857.737668493326, 64030.078103034844, 50309.518304859615, 34091.998505018208, 22154.26093745837, 2251.4470075958793, 211.27915207451971, 102.17766759029517, 62.10479550027452, 49.16804044017131, 37.991054586868913, 33.805906104188793, 30.556129717223893, 27.014195642104397, 23.670350871945303, 22.523819900995832, 21.161471674400008, 19.906292384618094, 19.325178243013415, 18.459857187749279, 17.565207547841336, 16.409737258786627, 16.301179273393437, 15.478453369681267, 15.1276846766345, 14.505910396578841, 14.292989889220122, 13.860279359045649], "SERVICE_TIME1": 2.0, "SERVICE_TIME2": 5.0, "NUM": 50, "CONF_LEVEL": 0.9, "DIM_BATCHES": 50000, "P": 0.25, "NUM_BATCHES": 20, "buffer1": 10000, "buffer2": 10000, "conf_int_rt": [88271.22539757134, 84984.0295322825, 81606.68241470604, 78508.2960151211, 75280.14794186776, 72234.04647471418, 68758.85544352239, 65537.36547389551, 62334.19557952718, 58778.51468739932, 55749.37132662913, 52860.018609440536, 49528.23113181314, 46383.966534689505, 42766.227651366586, 39475.73425020673, 36319.453284542076, 32665.39590670461, 29969.853077313164, 26528.516523984625, 23274.905265801004, 20090.76186449168, 17457.686497921764, 12893.10951646341, 10369.374549505927, 6543.86862124133, 4201.933912706121, 265.43397948386973, 39.6482792831805, 19.055524284126022, 4.911513617128598, 4.610357616039572, 2.3002347246636035, 1.5835381786598504, 1.4055022126551364, 0.8193382520000263, 0.4450579049862249, 0.6251919075137131, 0.372027740002121, 0.532253022832176, 0.553022094109533, 0.4624305196325267, 0.3861633611645239, 0.2973348660472581, 0.29347190952204727, 0.25677239551043485, 0.17796865534071493, 0.15822618904195096, 0.21768222946188054, 0.20626574137027198], "descr": "ex2_remwarmup", "boccupancy1_mean": [9999.4380561618273, 9999.3144423069334, 9999.1867990499868, 9999.0479605391465, 9998.8998794173676, 9998.7451693201092, 9998.5721439338668, 9998.3876001873723, 9998.1788113907442, 9997.9414437444721, 9997.6909750818304, 9997.3928953712493, 9997.0760867287408, 9996.7186134181247, 9996.2866075296097, 9995.9046665085152, 9995.2654632798985, 9994.5845294441351, 9992.8070353944422, 9985.3418868983463, 9957.989181862029, 9918.4386158210691, 9864.428108699547, 9662.0930362445943, 9402.4252695384257, 9096.6936576836506, 8170.8199342801354, 1124.8025444460757, 102.00215354321234, 47.600755911094062, 27.611511152553089, 21.182176320394476, 15.697326321334018, 13.606635258885703, 12.02045436011503, 10.321006282069792, 8.7435757390074968, 8.2006911457771317, 7.5232463103379308, 6.9380741304057727, 6.6894290938057193, 6.2913108262723929, 5.8529392442655821, 5.3360908821677695, 5.2724205641618624, 4.9094312000768623, 4.7621389539314407, 4.4916322206287891, 4.3937478702258836, 4.170658904646209], "conf_int_bo2": [0.036406801932759025, 0.03383310979923515, 0.029105205996145855, 0.032967956496848916, 0.05368099041547425, 0.03795704287915003, 0.0388134994015763, 0.03181874409331209, 0.03390820671091754, 0.02459484704571535, 0.031418676965256465, 0.04806386658458517, 0.029014795377302227, 0.03578698753687459, 0.03506254617927862, 0.05281732953939722, 0.03451766847358395, 0.034161993196863305, 0.03311962818605507, 0.050404950580180685, 0.034568414772811806, 0.044654374629434335, 0.04063991409241896, 0.03374106830289503, 0.03925920112811698, 0.03530122778863076, 0.051797850709830895, 0.03938358531140973, 0.03910041823546395, 0.04915485928066998, 0.03386810974201626, 0.04043285605598357, 0.02567394033958037, 0.037548902963104425, 0.03628668314361949, 0.029827451738637545, 0.023020211790629408, 0.02185442842635843, 0.02393026093070738, 0.02404782981973952, 0.020335040755439293, 0.019474308400271423, 0.02308902270940566, 0.01734308471101842, 0.015810991351256964, 0.014896182443329187, 0.01273781589756734, 0.013795217674568261, 0.009524731753921323, 0.016733371788063944], "conf_int_bo1": [0.0027474481739773182, 0.0039190618244902, 0.0073148666888300795, 0.008095851428151946, 0.010632515723045799, 0.008682414727445575, 0.010850627551917569, 0.01478693587705493, 0.016729787941585528, 0.01854877912228403, 0.016849848856509198, 0.029105748391884845, 0.02542344410721853, 0.04881037901577656, 0.046983825479401276, 0.06333204406655568, 0.11107025000274007, 0.12855040442445897, 1.4898853935519583, 12.013243971947304, 55.006572329039045, 116.48738799957755, 202.45265178432055, 417.9766245601877, 620.2806590618493, 729.3458040813366, 1049.8902052137446, 133.22028726377516, 19.779990486118848, 9.469533807016056, 2.408949677254924, 2.1781399701686155, 1.1171333643631787, 0.7709688996176887, 0.6441002404342075, 0.3849502408069121, 0.21577915589842078, 0.2893457176372367, 0.16847793357550156, 0.2378869364572722, 0.24930544505421626, 0.2090752335831807, 0.18719061215761545, 0.12926629438783888, 0.11890365472930142, 0.11287276131653545, 0.0763424546812912, 0.07148381792325509, 0.09458553083979115, 0.07910166530752694], "ARRIVAL_TIME": [1.0, 1.183673469387755, 1.3673469387755102, 1.5510204081632653, 1.7346938775510203, 1.9183673469387754, 2.1020408163265305, 2.2857142857142856, 2.4693877551020407, 2.6530612244897958, 2.836734693877551, 3.0204081632653064, 3.2040816326530615, 3.3877551020408165, 3.5714285714285716, 3.7551020408163267, 3.938775510204082, 4.122448979591837, 4.3061224489795915, 4.4897959183673475, 4.673469387755102, 4.857142857142858, 5.040816326530613, 5.224489795918368, 5.408163265306123, 5.591836734693878, 5.775510204081633, 5.959183673469388, 6.142857142857143, 6.326530612244898, 6.510204081632653, 6.6938775510204085, 6.877551020408164, 7.061224489795919, 7.244897959183674, 7.428571428571429, 7.612244897959184, 7.795918367346939, 7.979591836734694, 8.16326530612245, 8.346938775510203, 8.53061224489796, 8.714285714285715, 8.89795918367347, 9.081632653061225, 9.26530612244898, 9.448979591836736, 9.63265306122449, 9.816326530612246, 10.0], "minbatch": 1}