{"DIM_BATCHES": 5000, "RANDOM_SEED": 7, "conf_int_rt": [11184.607445555572, 10306.436752764945, 9545.945723201767, 8644.671125490459, 7897.805831592479, 7015.133098500679, 6203.835332648141, 5223.254641221258, 4464.5322071555165, 3749.9034382426944, 2806.0619935894374, 2024.5623761141615, 1226.9142548051477, 407.9859770932692, 13.600641639384534, 7.976947188223903, 2.2339443267728605, 2.545418990734454, 1.9452565833864988, 1.0304678297477565, 0.8871277519751537, 0.6618242567312773, 0.9277220736184368, 0.537577660598604, 0.4818213966829745], "maxbatch": 5, "mean_response_time": [62459.813912997015, 57531.624667331183, 53341.700861287885, 48281.45106190713, 43825.459276244932, 39098.296695934288, 34602.537169470947, 29083.706776449977, 25162.138452679897, 20648.955135730001, 15495.004923702023, 11907.420536586984, 6749.7573804006297, 1791.1402504637163, 86.064552523864805, 55.124485210763055, 32.699582139976165, 27.59006104885491, 24.840999612877074, 19.889006156920043, 19.177887095241658, 15.858750210575339, 16.093970040711714, 14.958698433686955, 13.725877685592653], "SERVICE_TIME1": 2.0, "SERVICE_TIME2": 5.0, "boccupancy2_mean": [0.94884225454874394, 1.0242988045141859, 0.95613588765763757, 0.9439346308471791, 0.94742932618382525, 1.0990221438338486, 1.0760019566965779, 1.0102699921087224, 0.89193000255117305, 1.072681811924562, 0.95187594423633237, 0.93697965171091047, 0.99955152279829595, 1.0968522370321834, 0.92166160737223179, 0.70708566121768746, 0.70990993675567637, 0.61484648687014287, 0.63214999203587097, 0.4897445302250763, 0.49788977284317915, 0.39115206168984684, 0.40201904773553743, 0.37355567686710706, 0.38875925839688114], "conf_int_bo2": [0.07763282066383748, 0.10283348262085235, 0.06736099000622275, 0.0803077870174127, 0.11981951895059617, 0.13247821433093177, 0.0781017907868562, 0.0918620013972673, 0.0785111678695698, 0.10756236448132117, 0.08183909695450475, 0.07380189320204478, 0.0777850963929122, 0.10692887221698777, 0.07075522765337283, 0.05791042941297486, 0.0739603100888585, 0.04446877712345865, 0.07999631407807872, 0.053707613539292376, 0.053422973611409574, 0.028876695350347314, 0.04201026166531163, 0.039265032035269376, 0.04287906208765091], "conf_int_bo1": [2.090856219534544, 3.293112440846471, 4.53345979691187, 4.938562241428144, 9.651079017989105, 10.298668461083594, 12.043518644853634, 17.01963125397856, 20.00927036669691, 27.921273327813992, 38.15866882501882, 36.979649156195705, 55.92584703542184, 97.76018144031298, 6.804417385646005, 3.9696150934113135, 1.0651081817670782, 1.1723672434250663, 0.9136620860534457, 0.4538222080923511, 0.4025840267091052, 0.3061534967241508, 0.39572757500911937, 0.2240047489131154, 0.17200203548119353], "ARRIVAL_TIME": [1.0, 1.375, 1.75, 2.125, 2.5, 2.875, 3.25, 3.625, 4.0, 4.375, 4.75, 5.125, 5.5, 5.875, 6.25, 6.625, 7.0, 7.375, 7.75, 8.125, 8.5, 8.875, 9.25, 9.625, 10.0], "NUM": 25, "minbatch": 1, "SIM_TIME": 150000, "CONF_LEVEL": 0.9, "NUM_BATCHES": 30, "buffer1": 1000, "boccupancy1_mean": [998.19844279898643, 997.20031216322377, 996.18729725435207, 995.61017833317283, 992.34578253882478, 991.4800397826242, 989.76939356353319, 985.89251252184579, 983.04987760269933, 976.45318013769133, 964.84349501948248, 960.32119312744669, 917.74827365885926, 655.77100985249513, 39.570907497638458, 24.040036407223919, 13.084729312189127, 10.578218386710967, 9.1684229827684725, 6.9610353830845293, 6.6929719227139941, 5.1686703572291073, 5.2237746078763641, 4.715136456897568, 4.0995573261167708], "buffer2": 1000}