{"DIM_BATCHES": 5000, "RANDOM_SEED": 7, "conf_int_rt": [10842.772742460686, 9994.066357181488, 9247.575764969974, 8356.936547140875, 7620.230879504001, 6756.656582852338, 5968.213923643787, 5134.002552380924, 4271.820254568127, 3525.653007132514, 2528.635929546954, 1958.6514789047142, 1060.3698332399354, 247.46249871066607, 25.549254079077656, 9.408476437180944, 4.008626824052548, 1.7859623682949746, 1.3224645495031453, 1.544594721485602, 0.6641511121117318, 0.7226835584421316, 0.7557291556215784, 0.6412244149265263, 0.5997476874911243], "maxbatch": 5, "mean_response_time": [64713.051503323906, 59799.753848316956, 55226.285416155974, 49535.716360353508, 45638.790853820334, 40539.117291539202, 35718.56678440726, 30503.665513026943, 26396.299240533699, 21263.93969045021, 15619.664350865449, 11331.613899139453, 6494.7616262232204, 1050.8225261968043, 115.7228472102255, 53.362910200616092, 37.117462952461331, 25.679191761971662, 24.71867452953488, 21.017661596075314, 17.515821315452875, 17.043649685107798, 15.572086828245647, 14.336702718781572, 13.902995983610049], "SERVICE_TIME1": 2.0, "SERVICE_TIME2": 5.0, "boccupancy2_mean": [0.94910856390494158, 0.94805994246988501, 0.99904149630113881, 0.94777148754583873, 0.96150729173951022, 1.0442729522302889, 1.0312799776463801, 1.09032888921339, 0.9802950224065784, 1.1009132043403886, 1.0287651567848506, 1.1216628521649712, 1.0257541602851721, 1.0269347372206465, 0.91447891357989097, 0.82035918688840703, 0.79898133042100239, 0.70843590417659219, 0.54475489801235322, 0.57714868065900482, 0.47461961813657899, 0.46328487470110968, 0.40725965216284388, 0.3560094882913532, 0.37145135207369295], "conf_int_bo2": [0.060832103644175683, 0.07488510715530328, 0.09532316730919299, 0.07575228330647499, 0.07859720384094526, 0.1058682244829201, 0.08881994653782244, 0.10420867776944631, 0.0755728409727019, 0.09500748510850632, 0.10184973484984183, 0.13329393733564843, 0.12089827330926128, 0.07009892120271233, 0.08898782875639355, 0.06546251952838034, 0.07152595050831723, 0.09790902074599384, 0.04559580104761235, 0.059867705860012554, 0.04129728958444273, 0.039330560868417075, 0.03901293267054784, 0.03733962489764936, 0.04566271538851252], "conf_int_bo1": [0.010919166907115141, 0.017041426822288486, 0.017132261850633768, 0.04050811793968023, 0.045237579027457286, 0.0721789793174139, 0.11099119723826334, 0.15835248433438665, 0.1836859342581647, 0.6292879914046807, 7.395582268680528, 26.60495645053095, 20.840863302148477, 103.91839296529969, 12.686126588577537, 4.5091091972168975, 1.955122158247848, 0.8103529873956887, 0.6231746997123775, 0.7295740799348174, 0.2846917581077708, 0.3072982677444571, 0.3361562027900007, 0.2613658593478112, 0.26847820177730064], "ARRIVAL_TIME": [1.0, 1.375, 1.75, 2.125, 2.5, 2.875, 3.25, 3.625, 4.0, 4.375, 4.75, 5.125, 5.5, 5.875, 6.25, 6.625, 7.0, 7.375, 7.75, 8.125, 8.5, 8.875, 9.25, 9.625, 10.0], "NUM": 25, "minbatch": 1, "SIM_TIME": 150000, "CONF_LEVEL": 0.9, "NUM_BATCHES": 30, "buffer1": 1000, "boccupancy1_mean": [999.44126758177856, 999.17932095328536, 998.91341017609648, 998.52180967268566, 998.17023476045904, 997.65036023647144, 996.94719960025179, 996.19160095211623, 995.18287658644431, 993.08120674891347, 985.66032899675065, 966.2193631259737, 954.95565427243832, 489.21839370509673, 54.539568980712495, 23.163601941472113, 15.230493149675013, 9.6381915612725422, 9.2225712920907945, 7.4546084394757051, 5.8456053962339602, 5.6473575086804981, 4.9843447403106103, 4.4665768161206056, 4.2161544865209457], "buffer2": 1000}