{"RANDOM_SEED": 7, "SIM_TIME": 1000000, "boccupancy2_mean": [9995.0045447114189, 9993.2476648424254, 9994.5218752263754, 9992.627139702241, 9994.7415957369303, 9993.4180644601493, 9993.9867727573001, 9992.2371027963527, 9993.064826589025, 9993.1407012858781, 9993.6973048160471, 9995.0338461220399, 9994.8219029157717, 9994.9204490176853, 9994.2824363562268, 9994.5748698135194, 9995.306124136745, 9994.7366734855514, 9993.5979850158692, 9994.9365286962111, 9992.9630822068793, 9994.3685454216848, 9990.5002037159102, 9993.6072854399681, 9995.1167740095607, 9992.7518964312421, 9992.9624902907235, 9994.6542263563551, 9990.6171814238714, 9978.4451636024151, 9970.5467039657469, 9960.6981502296549, 9935.247832933368, 9912.6783358622233, 9907.1323695216615, 9892.4180723709778, 9838.1244602664319, 9809.6841560616031, 9763.4614446605119, 9706.1829266489021, 9647.1114076908325, 9666.8575399627534, 9560.4248944530209, 9489.0767807627781, 9350.9958443816413, 9362.5260650746313, 9067.5525377920276, 8861.1438657492508, 8755.4777564693977, 8496.0868783651131], "duration": 3687.2725949287415, "maxbatch": 5, "mean_response_time": [468257.24400185345, 457580.60953199107, 447024.30789065291, 436595.69262225542, 426556.94774742163, 415601.53843956301, 406289.28934390872, 394858.69671070401, 385152.09293216735, 373241.55320038076, 363486.44224157307, 352698.57826243324, 343636.74973249988, 331463.60118342331, 321041.03675553709, 309860.53914454806, 301034.49772012467, 289573.27108769654, 279753.48664666736, 270085.07162067509, 260664.18390818493, 250092.37925464494, 238154.40432570851, 229173.78571470772, 217443.19486614852, 207630.85542739977, 196860.07824669257, 185412.62508187749, 178258.8977801009, 173232.59459563089, 166449.031941753, 158589.5747685924, 152583.48185797705, 147294.87650596371, 141964.41824020786, 133122.02732689804, 127662.4548515972, 122106.7568673005, 114431.83059143838, 105647.53496456699, 102588.02213682112, 99850.886571829527, 89148.394421824443, 82215.015816345214, 75987.683164663729, 73054.099184533974, 62604.460308900743, 54326.995667937037, 52701.046126686444, 45977.301490427104], "SERVICE_TIME1": 2.0, "SERVICE_TIME2": 5.0, "NUM": 50, "CONF_LEVEL": 0.9, "DIM_BATCHES": 50000, "P": 0.75, "NUM_BATCHES": 20, "buffer1": 10000, "buffer2": 10000, "conf_int_rt": [94426.63454730867, 92326.18813430768, 90202.1991567749, 88093.84879504121, 85980.86744375958, 83781.77845702175, 82018.23159949383, 79619.33593369322, 77560.48463984713, 75195.35459790746, 73301.52642986667, 71124.78942393529, 69273.54647920845, 66794.11046846834, 64874.36841067753, 62653.76530337878, 60927.449234293425, 58301.55243806855, 56448.57516166443, 54079.94899138907, 52540.33125117526, 50379.84762167782, 47766.27774336931, 46157.5034288755, 43580.78771819532, 42287.24718973218, 39333.68120816609, 37050.7173258024, 35979.29554888618, 34806.86559361525, 33600.00858692161, 32032.547381258788, 30892.783921816677, 29835.609675365486, 28665.159186700635, 26596.891447389236, 26018.73611466719, 24580.833408284598, 23025.775184736427, 21305.272839904195, 21094.67534690733, 19691.96297442424, 17857.39545404927, 16383.668547852983, 15307.66960945561, 14386.925850358173, 12845.747817330222, 10906.601333477738, 10634.204829982984, 9257.506246266385], "descr": "ex2_remwarmup", "boccupancy1_mean": [9999.4350347222207, 9999.3182607076596, 9999.1880227670481, 9999.0427478976744, 9998.9033451729338, 9998.7444029142589, 9998.5765483258147, 9998.3739309402445, 9998.1786852190144, 9997.9558794114855, 9997.6760365119717, 9997.3888261424963, 9997.0483813400588, 9996.7439723919324, 9996.2940384022204, 9995.8013156135476, 9995.2262227415413, 9994.5292122102928, 9993.3795716670684, 9988.9543217903592, 9966.9737822040097, 9933.1209301293693, 9865.625656461154, 9738.7994873436619, 9566.0894713222078, 9040.1955682080861, 8318.7315840130141, 1280.5082200662716, 80.031260147158577, 39.567693924916547, 26.868881221929115, 19.618850892749034, 15.407488480642254, 14.053538883138803, 12.255400911890298, 9.7081881158050845, 9.2954545800086823, 8.1688775226376826, 7.7748058839318785, 7.2994668019924891, 6.7025350661475906, 6.1331549122532261, 5.6659152576643352, 5.4975725537684177, 5.1687954373422773, 5.1050822516756806, 4.7684922003281063, 4.4679222340741331, 4.3745138934577872, 4.2086297586285708], "conf_int_bo2": [6.351274022446887, 9.194974306677977, 7.1293287777516525, 10.204443382321188, 6.747019633296077, 8.93480222935068, 8.029957102266053, 10.873546956187056, 9.49380158394706, 9.372784652347036, 8.421740622052312, 6.266038771771491, 6.643488623753001, 6.457509815685626, 7.513609760606414, 7.004905263915134, 5.793261785212962, 6.740244329963389, 8.617850816599457, 6.431745705012872, 9.654658455010576, 7.3585920381938195, 13.746064007449604, 8.616808848431901, 6.1369587289882475, 10.053125494738197, 9.688287541213867, 6.87899781392116, 13.256028492611222, 32.959717924371944, 45.5784440772768, 61.343278419630224, 102.67300753387644, 139.28846774086196, 148.0352974800444, 171.56323058273847, 257.6912179420051, 290.95855751708405, 345.8374033756918, 385.78519741163836, 450.8537285371167, 427.09530302453277, 513.4153190478974, 553.2884404204106, 653.0950025262991, 632.2925544231966, 782.2965091303086, 874.1001546322705, 899.4176502985865, 971.490795542958], "conf_int_bo1": [0.0036295983591116965, 0.005548773529881146, 0.0055080717320379335, 0.006093928503105417, 0.00597416559321573, 0.009770943761395756, 0.007463876821930171, 0.014369377411640016, 0.017268471314309863, 0.01607560398588248, 0.02800180696976895, 0.033846468231786275, 0.046350201626410126, 0.03390817346917174, 0.06545141395690734, 0.06943756815599045, 0.09410773987656285, 0.11208125634038879, 0.7798345063656598, 6.16747915128326, 40.693444638196524, 93.19689299391393, 199.77461442175445, 357.07663629283707, 503.8040964213851, 803.7008124994245, 882.0963192597337, 196.72035142898108, 12.476664174101032, 3.648508882698458, 2.0770238250340327, 1.3561663264028105, 0.645001588636358, 0.7105488897355023, 0.6325400846206168, 0.30681684740113724, 0.43103349677408254, 0.22668774385855794, 0.23228804031086003, 0.3046830754709191, 0.17576347626948774, 0.18283311251160583, 0.12734994931717392, 0.14463084654829306, 0.16649506060962604, 0.1261361205426823, 0.1144193555232782, 0.11772141234395495, 0.07339695997409379, 0.10999300818630431], "ARRIVAL_TIME": [1.0, 1.183673469387755, 1.3673469387755102, 1.5510204081632653, 1.7346938775510203, 1.9183673469387754, 2.1020408163265305, 2.2857142857142856, 2.4693877551020407, 2.6530612244897958, 2.836734693877551, 3.0204081632653064, 3.2040816326530615, 3.3877551020408165, 3.5714285714285716, 3.7551020408163267, 3.938775510204082, 4.122448979591837, 4.3061224489795915, 4.4897959183673475, 4.673469387755102, 4.857142857142858, 5.040816326530613, 5.224489795918368, 5.408163265306123, 5.591836734693878, 5.775510204081633, 5.959183673469388, 6.142857142857143, 6.326530612244898, 6.510204081632653, 6.6938775510204085, 6.877551020408164, 7.061224489795919, 7.244897959183674, 7.428571428571429, 7.612244897959184, 7.795918367346939, 7.979591836734694, 8.16326530612245, 8.346938775510203, 8.53061224489796, 8.714285714285715, 8.89795918367347, 9.081632653061225, 9.26530612244898, 9.448979591836736, 9.63265306122449, 9.816326530612246, 10.0], "minbatch": 1}