{"DIM_BATCHES": 50000, "RANDOM_SEED": 7, "conf_int_rt": [88300.28893461806, 84922.48447992664, 81884.8732333667, 78413.03169417981, 75265.57040044566, 72161.99275297986, 68598.65554583672, 65591.35435118235, 62316.3350062689, 58888.13134489674, 55465.468002025824, 52377.528941374825, 49322.97569227201, 46114.62504497098, 42668.26587505278, 39369.83771867599, 36337.29444755608, 32639.20839179837, 29914.579209897303, 26409.544933809913, 23641.768088484416, 19641.226695292833, 16901.364630139957, 13226.923458818812, 10250.046453070921, 7903.247346700919, 4110.708580819744, 473.5018614331302, 29.294519741831238, 7.9377903191567185, 4.490946012375453, 2.960989401316162, 2.3012498541191704, 1.5085222582707303, 1.2502174632522802, 0.8899000654303535, 0.632244944185576, 0.48785993630622215, 0.40495695070988447, 0.42341559068619716, 0.3552126815190917, 0.4717762112486277, 0.3589322949228908, 0.3261787941488521, 0.29343762347195224, 0.32333654126969513, 0.21891854306052494, 0.209416361500816, 0.25961730009772666, 0.17381286063126744], "maxbatch": 5, "mean_response_time": [438025.18562757084, 420818.88891450391, 405393.71457514545, 389186.52653840301, 372803.10700808169, 357712.62451966485, 340723.34773277631, 325296.20048998413, 309024.90634779382, 292078.55504456646, 275464.53206391289, 258824.67684482047, 244755.9579808265, 229503.90185408379, 212176.51580001949, 195251.94945097971, 180012.38225146313, 161935.6855800708, 148308.03864671951, 130863.33943634122, 116944.52323915425, 97905.866859017231, 85241.699548375167, 67028.61810803703, 50086.695035561082, 39291.651740811198, 22496.716323612138, 3785.4888108676455, 162.9999802044442, 99.155205599392048, 61.351531218451647, 47.571600932452526, 38.346587201283249, 33.889795642292803, 30.023635355062169, 27.462381934954848, 24.626862253554815, 22.685051590736897, 21.097838761153042, 19.968650154762589, 19.124762312210727, 18.222671101901266, 17.570187275035845, 16.771226491232902, 16.031300379723984, 15.566660919692161, 15.092377033877291, 14.751543135576132, 14.423821135918459, 13.891728041819393], "SERVICE_TIME1": 2.0, "SERVICE_TIME2": 5.0, "boccupancy2_mean": [1.0860238725511411, 1.0307375968142902, 1.0279303012207854, 1.0792245095643667, 1.0072136697611551, 1.0304267343890265, 1.0390013026171003, 1.0493632111350966, 0.99787704820094769, 1.0339197650490974, 1.0504790605704841, 1.0304370249298573, 1.0666355331038282, 1.0578387910194309, 1.0680334280596262, 1.0446631199722241, 1.0472958548219677, 1.0225598535417102, 1.0280822293578111, 1.0732170942517405, 1.0189537556397072, 1.0658996103770386, 1.0117235880166895, 1.085741413628164, 1.0748953224001678, 1.0437169494913927, 1.0424001154411098, 1.0390360059107553, 0.95454142563025468, 0.92117624322043401, 0.8288140201974542, 0.78519438350538695, 0.75957965822227447, 0.75773116507700133, 0.68992164197997841, 0.64486761740751763, 0.61723875086783742, 0.57878229200669773, 0.54232494695658406, 0.52416342258898518, 0.50941494464432069, 0.46504403223564567, 0.47587173082916662, 0.45265561189477582, 0.43051460964493837, 0.42168827313358337, 0.39664445380022195, 0.38241116460117913, 0.37982340459364949, 0.35659829768369294], "conf_int_bo2": [0.03732257002614481, 0.04525370219196423, 0.0355684067572003, 0.043887485292962936, 0.031134897786935234, 0.043034497740238264, 0.031826334136401124, 0.044869310225165826, 0.04958956765459521, 0.047498219148126686, 0.04928504597538286, 0.03103713580513301, 0.03928102535827782, 0.04010845870706081, 0.037849011897547635, 0.03919154399812741, 0.04554016289747431, 0.03914454077198959, 0.03747554183102164, 0.04482047030374403, 0.027356189608315096, 0.03585314587037369, 0.03133212411887931, 0.040897961207377875, 0.04194876323939334, 0.03442012221224311, 0.033113003944181596, 0.050402273148412724, 0.03519894983475358, 0.035931683103512024, 0.0356375954630026, 0.03870768925568058, 0.027040960644358125, 0.03510159776767996, 0.023884651756976294, 0.027322485059209978, 0.02540951049034501, 0.015519434353403305, 0.01823574139682993, 0.02276411212590046, 0.021575554169571742, 0.015785783937926734, 0.01710127992567001, 0.011692277067279211, 0.014478486360949061, 0.017813063903117043, 0.014851796073123036, 0.017877453913031194, 0.021194753867850413, 0.01679708317620099], "conf_int_bo1": [0.0033399863623344572, 0.004456128677702509, 0.008240282875703997, 0.00714611010880617, 0.00915385787084233, 0.00723980532711721, 0.01160366727708606, 0.011348355239533703, 0.017225035562660196, 0.01983348488829506, 0.018862129329136224, 0.0338225135110406, 0.03601496281589789, 0.051640051147842314, 0.04806622788601089, 0.05754817818524316, 0.08667135463838349, 0.11221559651312418, 0.1925380020020384, 9.57857883871111, 48.851422499699765, 148.42480243451428, 159.32934099247905, 415.5474424222266, 621.5559601142286, 764.7134018553115, 1009.456826062431, 237.13358339316005, 14.366589532592108, 3.9845697323146325, 2.207407711065514, 1.4504230064558143, 1.1108490999639073, 0.7158980957916459, 0.5874929225923395, 0.41806556389544447, 0.28963029801060713, 0.2194352407757041, 0.1953939469291237, 0.19655843112684224, 0.1714169756783921, 0.2047589699134802, 0.16786753839882973, 0.14015971696432494, 0.12090541872245542, 0.1436125659027505, 0.08890073247017227, 0.09010885588627726, 0.1058506959433867, 0.07505366084196563], "ARRIVAL_TIME": [1.0, 1.183673469387755, 1.3673469387755102, 1.5510204081632653, 1.7346938775510203, 1.9183673469387754, 2.1020408163265305, 2.2857142857142856, 2.4693877551020407, 2.6530612244897958, 2.836734693877551, 3.0204081632653064, 3.2040816326530615, 3.3877551020408165, 3.5714285714285716, 3.7551020408163267, 3.938775510204082, 4.122448979591837, 4.3061224489795915, 4.4897959183673475, 4.673469387755102, 4.857142857142858, 5.040816326530613, 5.224489795918368, 5.408163265306123, 5.591836734693878, 5.775510204081633, 5.959183673469388, 6.142857142857143, 6.326530612244898, 6.510204081632653, 6.6938775510204085, 6.877551020408164, 7.061224489795919, 7.244897959183674, 7.428571428571429, 7.612244897959184, 7.795918367346939, 7.979591836734694, 8.16326530612245, 8.346938775510203, 8.53061224489796, 8.714285714285715, 8.89795918367347, 9.081632653061225, 9.26530612244898, 9.448979591836736, 9.63265306122449, 9.816326530612246, 10.0], "NUM": 50, "minbatch": 1, "SIM_TIME": 1000000, "CONF_LEVEL": 0.9, "NUM_BATCHES": 20, "buffer1": 10000, "boccupancy1_mean": [9999.4359927877558, 9999.3151639820353, 9999.1903891746133, 9999.0429221619124, 9998.9079039984463, 9998.7378107474324, 9998.5603267827264, 9998.3746324758304, 9998.1750236942898, 9997.9416548375448, 9997.6830838773731, 9997.4030946765142, 9997.0733307083301, 9996.7205604966675, 9996.3401112016636, 9995.7953744988827, 9995.263525473285, 9994.6131005943334, 9993.5977731081948, 9986.9729087663563, 9961.7992338019139, 9899.1463894649187, 9890.1593193567969, 9664.8780098023399, 9398.4865044490689, 9085.7563128721849, 8286.2161404377093, 1896.1031826532724, 77.81641655995962, 46.06828710347007, 27.2922177099449, 20.406964998428126, 15.850473144777927, 13.637345243113876, 11.77544190909825, 10.530756157126325, 9.1928282691159637, 8.2784098011018372, 7.5027245998713523, 6.9684728804041116, 6.6107360293294946, 6.2245046054838147, 5.8711557849177618, 5.4709372174638204, 5.1557604484376718, 4.9479530853244409, 4.7786326051514125, 4.5904740170089289, 4.4383872978969476, 4.220952987822268], "buffer2": 10000}