{"RANDOM_SEED": 7, "SIM_TIME": 1000000, "boccupancy2_mean": [14.932452351069553, 14.579564575256098, 12.721463582875652, 15.107418792935443, 15.627917929808076, 13.64356317328892, 13.95948659760119, 13.317304092730209, 14.864896559973069, 13.152134918555836, 12.371886338806044, 14.677018561737313, 16.11195907421968, 15.156612444626004, 12.855037302364559, 13.155740156841313, 12.672565980324151, 13.15774512664046, 13.469416665132206, 15.001708022304195, 13.07204252037724, 14.125675350425315, 14.681401490804634, 12.978668856360475, 13.948757109278835, 13.210114651979083, 14.610524912437196, 13.223873860433962, 9.9751405049972934, 7.5812231848221581, 6.3023890035303349, 5.6035913475852768, 4.4252580427746793, 3.8515671315840749, 3.3475549059783778, 3.2238639430070108, 2.8496940353143323, 2.6826543749535556, 2.4749497467036745, 2.2090893447782158, 2.1596486056283979, 1.8896174026815713, 1.7964569923051172, 1.7100757092155852, 1.5019216201888745, 1.5235950134194598, 1.4859495938507137, 1.3433090137287715, 1.2713758829542567, 1.2524174591384032], "duration": 3020.2177810668945, "maxbatch": 5, "mean_response_time": [437650.84286159178, 420920.38184607687, 405537.02622020291, 389244.70077256055, 372813.24742952047, 357026.70953629003, 340250.42301547906, 325108.16108953481, 308283.31459922745, 294415.54720940272, 277566.06801906828, 261873.95634603524, 245148.40455703231, 228247.58534172, 211805.05840355388, 194099.2737352048, 179971.54339327218, 164669.47613314789, 146692.08039913303, 132548.94500942473, 116487.66702406872, 102009.95791060881, 82637.530567856898, 65543.250931309987, 52899.561716586075, 35988.05414502522, 20398.508191112964, 3639.2747252618897, 180.82465244454826, 112.56500415475494, 79.171470201284947, 59.056804374701954, 49.297293088853493, 41.673475198093513, 36.966374092600269, 33.896331246597029, 30.191595017007756, 28.580180978314473, 26.740770010109312, 24.866192104928221, 24.30331200379953, 22.358033315412182, 22.007235234026631, 20.817376142174279, 19.738048483203674, 19.219529056743337, 18.630088478399731, 17.999931650576432, 17.446312552766734, 17.102801119935549], "SERVICE_TIME1": 2.0, "SERVICE_TIME2": 5.0, "NUM": 50, "CONF_LEVEL": 0.9, "DIM_BATCHES": 50000, "P": 0.375, "NUM_BATCHES": 20, "buffer1": 10000, "buffer2": 10000, "conf_int_rt": [88224.35290860425, 85042.94711925549, 81832.34116640373, 78484.24194812932, 75229.74634868442, 72009.26011362468, 68778.43051007035, 65503.38309374667, 62121.783370629564, 59180.93437505391, 55919.14278610694, 52729.56337409036, 49399.425679346255, 45951.37832853006, 42763.1446215715, 38987.73565084391, 36531.820171102736, 33238.17010521892, 29820.038040177853, 26810.305394766416, 23494.677473537275, 20531.779299458736, 16888.855714673715, 13387.136329904744, 10838.456383363598, 7146.554960880916, 3857.4628280580437, 486.12697375818016, 24.475241924196894, 12.973079866434887, 3.679206960799789, 4.858119246628107, 2.136451895189019, 1.3610388217347733, 1.3130064799695589, 0.9912055702421583, 0.6343853532735118, 0.7808131979431785, 0.5730685556313198, 0.6747214094086438, 0.5022372683429204, 0.5389169410590355, 0.5524276455277999, 0.40095836078796765, 0.3025051447534999, 0.3634038458767286, 0.34917134911018266, 0.27730405371492495, 0.27322939888075837, 0.2796200938899567], "descr": "ex2_remwarmup", "boccupancy1_mean": [9999.4372865084133, 9999.311992133582, 9999.1901643772926, 9999.0429200460003, 9998.8934569559042, 9998.7454740898283, 9998.557296099314, 9998.3933304724887, 9998.1689527730687, 9997.9436725954456, 9997.672950131262, 9997.427463347698, 9997.118607106655, 9996.6690804508453, 9996.3112094253484, 9995.7809814367993, 9995.2983050099119, 9994.5488307703326, 9993.810545052731, 9983.6228841932225, 9951.213213388346, 9916.3884789448566, 9806.6256676608009, 9620.3334964871265, 9466.799808060965, 8975.065706953892, 7993.2319482013436, 1813.7899771994757, 77.270076736783778, 45.579997407096947, 29.904929378428722, 20.618823696784172, 16.876915308061413, 13.689795395550263, 11.828496697687006, 10.384279462164169, 8.9637648389171396, 8.3419844032373085, 7.6158732910693416, 6.9980865313561544, 6.7246415889413571, 6.1338011769151901, 6.0190209589559514, 5.4824683022355423, 5.2199397198117605, 4.949562323483959, 4.7196370422104641, 4.5751898318555302, 4.3976795783966578, 4.2514730316012441], "conf_int_bo2": [2.050465206943665, 1.1876169121214115, 1.3820865919427963, 1.5136077709194442, 1.9456179250707528, 1.537084730214934, 1.5187292598700726, 1.031262059523872, 1.5332765842703662, 1.2279458765354558, 1.548483229635785, 2.231660130446171, 2.463273202916339, 2.4976149131468226, 1.9733334006437797, 1.8755292701058952, 0.9696432177107379, 1.7158785916822943, 1.3861181949093382, 2.1260464132936328, 1.2545669708550449, 1.8509247402770725, 1.3340916360322357, 1.6673069780915881, 1.848385997805618, 1.4317702946013657, 1.47332471223549, 1.7064298000049192, 0.8180973856278015, 0.5007540824276591, 0.369970612566779, 0.41239811289071326, 0.232498025498308, 0.22110049521913444, 0.21831503924984252, 0.1550046373239926, 0.11675002355728958, 0.1604919541207246, 0.09914828308248103, 0.1249945883166288, 0.07828574884406958, 0.09604767134100456, 0.09523270163053854, 0.0601362362452611, 0.05099692771116415, 0.0624571230857176, 0.068552686087199, 0.052455712877905736, 0.05051077853383523, 0.0562990433626358], "conf_int_bo1": [0.0036419664429558907, 0.0041636348541942425, 0.007143443617678713, 0.006012796424329281, 0.006427048454497708, 0.012829462339141173, 0.01006914502249856, 0.014595040542189963, 0.014491142830593162, 0.021352945226681186, 0.018842620656869258, 0.03339249376404041, 0.03335788028380193, 0.05089548551404732, 0.0615499236555479, 0.05994491034107341, 0.08770789809932467, 0.09883674888078531, 0.19941463113900681, 15.018717421913607, 65.66579302363425, 120.68056542869999, 289.4128972502094, 465.1806542941649, 556.5554829920511, 837.2461617212703, 1093.122494556811, 244.06506299586204, 11.875066775585395, 6.236989340442271, 1.6864204027730025, 2.3771562650988045, 0.9946849720767705, 0.6529067607663066, 0.4596567820079045, 0.41438734417042333, 0.2629379206935525, 0.3029514046529407, 0.21674636569333394, 0.2191796323543409, 0.17162514628425551, 0.20393514100519727, 0.1794430498288495, 0.1656377695237996, 0.09720163747469002, 0.13395886346326158, 0.09532296172572341, 0.08456878871128382, 0.09991904180927591, 0.08629037349933544], "ARRIVAL_TIME": [1.0, 1.183673469387755, 1.3673469387755102, 1.5510204081632653, 1.7346938775510203, 1.9183673469387754, 2.1020408163265305, 2.2857142857142856, 2.4693877551020407, 2.6530612244897958, 2.836734693877551, 3.0204081632653064, 3.2040816326530615, 3.3877551020408165, 3.5714285714285716, 3.7551020408163267, 3.938775510204082, 4.122448979591837, 4.3061224489795915, 4.4897959183673475, 4.673469387755102, 4.857142857142858, 5.040816326530613, 5.224489795918368, 5.408163265306123, 5.591836734693878, 5.775510204081633, 5.959183673469388, 6.142857142857143, 6.326530612244898, 6.510204081632653, 6.6938775510204085, 6.877551020408164, 7.061224489795919, 7.244897959183674, 7.428571428571429, 7.612244897959184, 7.795918367346939, 7.979591836734694, 8.16326530612245, 8.346938775510203, 8.53061224489796, 8.714285714285715, 8.89795918367347, 9.081632653061225, 9.26530612244898, 9.448979591836736, 9.63265306122449, 9.816326530612246, 10.0], "minbatch": 1}