{"DIM_BATCHES": 50000, "RANDOM_SEED": 7, "conf_int_rt": [111880.67038552603, 103440.88192277687, 95180.66077877831, 86762.7851914696, 78532.70987902005, 70070.54769631359, 61479.992421552364, 53067.98150528077, 45261.21434599842, 36724.81521469218, 28484.568085376013, 19928.997636126136, 11142.259523278575, 2576.6111097346893, 13.520382611416238, 3.1517962724343036, 1.0978641060808059, 0.8275974389098195, 0.6022141087933335, 0.410116589324101, 0.3577865154809423, 0.27357115249214203, 0.17072587535853323, 0.20814354419259828, 0.19086000074011622], "maxbatch": 5, "mean_response_time": [625293.63404255244, 577971.08912124683, 531211.88318213401, 484841.02601153846, 438519.59099382086, 391626.71646510775, 342712.02352833567, 297775.68407594034, 252488.22882673296, 204317.41701432879, 159472.38033797144, 108913.35899785062, 61499.292766867278, 13867.306671175109, 117.17063500710334, 54.795374476313192, 34.629311332429168, 27.878200757563977, 22.921031777260783, 20.350950590529187, 18.406452284859473, 16.938315009257671, 15.606277521127405, 14.687858565397088, 13.95942028437122], "SERVICE_TIME1": 2.0, "SERVICE_TIME2": 5.0, "boccupancy2_mean": [1.0701863156280114, 1.0251019604874061, 1.0427974927928993, 1.0226104776517948, 1.026733857483733, 1.0166428332868291, 1.0744366400193046, 1.0582956410981834, 1.0236217011130486, 1.0364373996752645, 1.0395230526545935, 1.0803928783655428, 1.0297263800934746, 1.0077006886308539, 0.95003248922638062, 0.83152356207947942, 0.71099285381709521, 0.64392385050543532, 0.60014379402346762, 0.53712527065733562, 0.49644959290452223, 0.45491982678888565, 0.41766549562076027, 0.38593356097524401, 0.37126381885096332], "conf_int_bo2": [0.035323555407857254, 0.03441407564303567, 0.03544765622720658, 0.027737051052829198, 0.02594213888674246, 0.03600703886336498, 0.023980856353101654, 0.0298091567704859, 0.033812833462993686, 0.03255484580710921, 0.03945143494463421, 0.024233168603736477, 0.035933812773881635, 0.02703264823695617, 0.025046721346436374, 0.02929343793259198, 0.02023682714858177, 0.020078919749133672, 0.01965558228903086, 0.01943267353445932, 0.015616509983860827, 0.01345120252329085, 0.014143436662454045, 0.012173800060451934, 0.0133699374856171], "conf_int_bo1": [22.76576284765906, 33.20574192036656, 45.6385003213727, 59.108983330103, 80.58369447882978, 105.57400554094056, 137.96265667701846, 171.99010564849777, 214.8628239926984, 307.92402198788113, 344.95087693687856, 468.694865874706, 606.5061432148505, 1045.9362268577597, 6.724186548298697, 1.5426373973464855, 0.5262078579246268, 0.39069658870627144, 0.27970538586238014, 0.18501827614487798, 0.15531809471016444, 0.117347925962072, 0.06668203350110424, 0.08992029480581198, 0.0824919209769952], "ARRIVAL_TIME": [1.0, 1.375, 1.75, 2.125, 2.5, 2.875, 3.25, 3.625, 4.0, 4.375, 4.75, 5.125, 5.5, 5.875, 6.25, 6.625, 7.0, 7.375, 7.75, 8.125, 8.5, 8.875, 9.25, 9.625, 10.0], "NUM": 25, "minbatch": 1, "SIM_TIME": 1500000, "CONF_LEVEL": 0.9, "NUM_BATCHES": 30, "buffer1": 10000, "boccupancy1_mean": [9985.8084026199704, 9979.3038057205467, 9971.5679216816952, 9963.1626689334898, 9949.9150049614655, 9934.4542834163931, 9914.4262648246859, 9893.209687987126, 9866.5163789945582, 9806.2107013875557, 9768.2604924422994, 9596.6812709403621, 9304.5204440891503, 6383.8098680802559, 55.035030408582088, 24.001274500418088, 14.033373677810149, 10.74309209645361, 8.3648653362646144, 7.1538103567580524, 6.2365327738668546, 5.594735555190967, 4.9827264735858332, 4.5841460773197946, 4.2329607417868633], "buffer2": 10000}