{"DIM_BATCHES": 5000, "RANDOM_SEED": 7, "conf_int_rt": [0.43300103177299043], "maxbatch": 5, "mean_response_time": [13.196327411266223], "SERVICE_TIME1": 2.0, "SERVICE_TIME2": 4.0, "boccupancy2_mean": [0.22319911237879886], "conf_int_bo2": [0.021071813757430474], "conf_int_bo1": [0.1942813078655945], "ARRIVAL_TIME": [10.0], "NUM": 1, "minbatch": 1, "SIM_TIME": 150000, "CONF_LEVEL": 0.9, "NUM_BATCHES": 30, "buffer1": 10000, "boccupancy1_mean": [4.2874830811186886], "buffer2": 10000}