{"RANDOM_SEED": 7, "SIM_TIME": 1000000, "boccupancy2_mean": [9909.3993960001262, 9907.4291130359616, 9927.3819480318125, 9906.2171596541903, 9907.5327613367044, 9911.1841116472078, 9909.5010632110498, 9891.9495430668248, 9910.241608565002, 9898.5448593635228, 9907.0470579557732, 9902.4118940848821, 9905.8911537384665, 9906.0393875321133, 9906.4218715430361, 9901.5498041826231, 9919.128291682533, 9911.6269370728223, 9912.8716775146022, 9905.3165973174218, 9900.1441680065946, 9911.4384062664558, 9905.7042346520393, 9903.0985335607638, 9912.0173844365181, 9910.5847610893979, 9903.2749840202214, 9905.9040030145843, 9870.5499223547595, 9836.657607850806, 9823.3565713763383, 9765.0913751278749, 9717.6137046656495, 9636.0938233455472, 9555.2380924194531, 9482.5229767049714, 9364.58817285851, 9154.7949284302031, 9078.8032918137324, 8646.7386168855737, 8452.4703662349366, 7960.3801690107484, 7490.7165734768205, 4877.9016085847616, 3669.1876267504445, 867.10258939596736, 170.77904944157149, 69.604234718948703, 38.669826072137916, 26.380202665652398], "duration": 3604.2451531887054, "maxbatch": 5, "mean_response_time": [457506.3221259659, 444564.93474234128, 432395.6598671687, 419663.18217572995, 407613.4469459916, 394939.12284949218, 383287.00701034098, 369741.62490693846, 357968.21910268511, 344544.77621415054, 333404.65855022025, 318897.3716443429, 308652.54802660883, 295069.19693068368, 282014.48501081456, 269548.77301696676, 259055.36020772022, 246687.1313508499, 233708.7960755275, 219190.59944696201, 208666.8712819831, 195601.96425199477, 184639.55287739474, 170742.70483979039, 158347.84408565122, 147736.71938074077, 131326.57243446767, 119452.49586322482, 111672.65335716854, 106656.34933075633, 101965.18589695496, 94739.245210922905, 88220.706043038794, 81203.857017217029, 74986.927303726567, 68085.583670595632, 62294.489468505068, 54680.561203966914, 49446.695262220244, 41865.701405724707, 37896.097112941301, 30472.320529025685, 26079.603660983663, 14496.086459711942, 11151.225881110631, 2706.4303031981312, 552.52076466659241, 236.61546521798368, 138.52100591050311, 100.21215519230995], "SERVICE_TIME1": 2.0, "SERVICE_TIME2": 5.0, "NUM": 50, "CONF_LEVEL": 0.9, "DIM_BATCHES": 50000, "P": 0.625, "NUM_BATCHES": 20, "buffer1": 10000, "buffer2": 10000, "conf_int_rt": [92222.44911290862, 89676.85091317142, 87134.2914231813, 84659.34313676512, 82262.40611623647, 79685.92888865696, 77313.73072279658, 74468.63289777242, 72158.40544544067, 69359.31870904815, 67133.93421917409, 64373.13900470524, 62220.21271225589, 59299.43450991553, 56891.65858168801, 54567.54708937748, 52611.93251707041, 49988.03537232554, 46782.32662418406, 44147.329543948144, 42006.13184044021, 39563.035501323466, 37239.09961419029, 34257.84958779937, 31847.50569747275, 29681.02619197867, 26530.420234867546, 23818.97066069374, 22542.393034948924, 21425.094384799944, 20557.19831154772, 19095.80531913074, 17733.759991615676, 16225.716931986884, 15031.263905261017, 13480.185587384818, 12372.576561654343, 11042.26714602716, 9795.897102920913, 8459.706922439647, 7718.177750234747, 5925.94011977196, 5160.766072867969, 3199.1492152677074, 2014.4352881968807, 457.1496967536036, 109.14974787634412, 43.727977495043035, 22.13807473655193, 12.105115275809766], "descr": "ex2_remwarmup", "boccupancy1_mean": [9999.4334684442074, 9999.31529801344, 9999.1871638107004, 9999.0468265238051, 9998.8993177680513, 9998.7392571142991, 9998.5697966377993, 9998.374534609784, 9998.183877963449, 9997.9453543636446, 9997.7098694105425, 9997.4001165087539, 9997.0500243365441, 9996.7243957441442, 9996.2753203732591, 9995.8893137258983, 9995.2478606005552, 9994.7038645337398, 9993.8946359002057, 9986.9802695821145, 9968.3479867809074, 9908.8451766758189, 9851.5107605431476, 9754.6085487325781, 9495.8224072464691, 9120.1104865649631, 7321.4008469342543, 545.49022390368407, 82.986858394767026, 39.890117405878016, 31.728095092744173, 20.886497098940215, 16.353663583549206, 13.95723009910194, 11.769301806405954, 10.50217874206724, 9.2121140982437719, 8.4903285249502645, 7.6304231889010534, 6.99363975377634, 6.600365861710479, 6.1999599875226767, 5.9802815040976789, 5.476027148401009, 5.2555415632232334, 4.8676167895142601, 4.8000524651543843, 4.645926885892254, 4.383543685212679, 4.2065086062213028], "conf_int_bo2": [145.74979046145017, 148.96527318024891, 116.22065370957898, 150.87900028648073, 148.80280296956153, 142.84107708025294, 145.58087781265385, 174.31858603183719, 144.31271342281252, 163.5379894642665, 149.5225521493776, 157.1473326125324, 151.47426574848396, 151.2413225659693, 150.57900423359024, 158.59025083239067, 129.76032860068335, 142.13501966875265, 139.9803467191614, 152.38132563829822, 160.90839830594268, 142.40603309940525, 151.76422447911318, 156.01254845940093, 141.40590846055602, 143.81799822041285, 155.74516063834562, 151.41103467227185, 208.86473322896381, 261.6821488421938, 278.2710403326255, 342.591674978692, 385.8734141107707, 457.29849097740043, 522.0062818007391, 557.2982919500937, 636.4698564039572, 733.5282668057207, 756.501812486149, 937.9453098672202, 986.8758028865923, 1072.1796921572213, 1160.9448439305334, 1082.3621592769623, 662.6806009260913, 147.82289447179608, 34.74211399359032, 13.799877770371126, 7.064965755504073, 3.847435207523315], "conf_int_bo1": [0.0026061170574394055, 0.004228910742313019, 0.005054935767475399, 0.007344314170040889, 0.007870807656217949, 0.010948235061732703, 0.011641256136499578, 0.012298127101530554, 0.008549818801839137, 0.017170662937132875, 0.029700521248742007, 0.029685757615879993, 0.048092399461893365, 0.04993187916079478, 0.034895843322374276, 0.05076834775172756, 0.09069341447684565, 0.09272668653647997, 0.14122347603370144, 9.449177002652505, 38.115972099329156, 132.81812067090323, 223.2192496280113, 334.04468093566356, 551.296553224005, 779.335839106303, 1152.561849478272, 114.60333849761463, 15.20862155112252, 4.406076337361533, 4.746143475728598, 1.178572514702708, 1.3841545561707207, 0.6140983230599755, 0.4946910060106937, 0.5443159905754094, 0.29832627695510894, 0.3154874634104683, 0.25848745467923884, 0.163835865057548, 0.1883270340741232, 0.14820757589829014, 0.18829194743007438, 0.16859920248633653, 0.12132253870943543, 0.149226868713483, 0.09181973640835484, 0.11895432726556177, 0.10833845860954394, 0.06649475934459925], "ARRIVAL_TIME": [1.0, 1.183673469387755, 1.3673469387755102, 1.5510204081632653, 1.7346938775510203, 1.9183673469387754, 2.1020408163265305, 2.2857142857142856, 2.4693877551020407, 2.6530612244897958, 2.836734693877551, 3.0204081632653064, 3.2040816326530615, 3.3877551020408165, 3.5714285714285716, 3.7551020408163267, 3.938775510204082, 4.122448979591837, 4.3061224489795915, 4.4897959183673475, 4.673469387755102, 4.857142857142858, 5.040816326530613, 5.224489795918368, 5.408163265306123, 5.591836734693878, 5.775510204081633, 5.959183673469388, 6.142857142857143, 6.326530612244898, 6.510204081632653, 6.6938775510204085, 6.877551020408164, 7.061224489795919, 7.244897959183674, 7.428571428571429, 7.612244897959184, 7.795918367346939, 7.979591836734694, 8.16326530612245, 8.346938775510203, 8.53061224489796, 8.714285714285715, 8.89795918367347, 9.081632653061225, 9.26530612244898, 9.448979591836736, 9.63265306122449, 9.816326530612246, 10.0], "minbatch": 1}