{"DIM_BATCHES": 500, "RANDOM_SEED": 7, "conf_int_rt": [1125.0587931017699, 1040.3265469293, 948.1396947998128, 865.2491975249118, 804.1504646554449, 708.371439531848, 575.6488211452743, 495.28323365694905, 445.0530926160359, 376.32781312024395, 279.8319338113931, 214.03394411096065, 66.95997312600002, 79.73868307729379, 13.498764046090734, 7.94039964599326, 6.4683717745871405, 6.444205665348548, 3.589221082147514, 4.681636449157388, 1.8065630346550687, 2.154179532518423, 1.850432900366343, 2.44625708628085, 1.3143145615535943], "maxbatch": 5, "mean_response_time": [6299.0819418015772, 5738.0628402625862, 5321.92121021815, 4784.2622441879903, 4486.701458053868, 3917.9075935144056, 3349.4991066754155, 2783.9351895225209, 2630.9272419717208, 2212.1379939843, 1687.6980341612177, 1095.8290172725017, 328.29212194524928, 471.3711685991484, 54.855264734427202, 42.341880292342331, 41.323457072639691, 27.901291537579368, 20.328262980548008, 22.407674918496824, 17.468951664879004, 16.874314885594217, 16.054928023375886, 15.036640090327239, 13.047564117285043], "SERVICE_TIME1": 2.0, "SERVICE_TIME2": 5.0, "boccupancy2_mean": [0.81586301476084389, 0.89267087067049011, 0.88475486939730297, 1.0566313179048921, 0.74214987957193068, 1.0344415467852159, 1.0858700367036556, 0.80830344426934453, 0.82000343930942565, 1.0241905385976604, 0.84472673938675991, 0.97907031156382174, 1.2155304113019747, 1.255202186732215, 0.72669201865703636, 0.5896618534185244, 0.55738621919827547, 0.59996166179677257, 0.42338606527256639, 0.48103250019842891, 0.45427240117616269, 0.47810436107846577, 0.42210408732358201, 0.35751289317073082, 0.30283375549560149], "conf_int_bo2": [0.18912029431149524, 0.2116194895604775, 0.25192459229507247, 0.2597872847477143, 0.16555034071357133, 0.2759230551055125, 0.1962090746339369, 0.15730886975980407, 0.18409167552723849, 0.28197991019378443, 0.22527815254415262, 0.22266669710452935, 0.42557359934453753, 0.29900518679222543, 0.17550190739919114, 0.1323420172356795, 0.12911128357868806, 0.16217192221751686, 0.10037832127954471, 0.1570640325458535, 0.11692321586111587, 0.14211432113464695, 0.10778245849063162, 0.15419920813217108, 0.08636515710931153], "conf_int_bo1": [813.9244250672928, 956.5946313621489, 1012.8036460809844, 1035.166830111296, 949.3919378115497, 733.2293738747953, 531.5255835944154, 406.8614735450326, 342.88808433639565, 250.96887487052322, 177.59149232164327, 127.61589170557068, 34.18379157161738, 41.54403123192259, 6.6788182126497055, 3.9291237989164713, 3.315128353052266, 3.057833744066011, 1.6366078442992107, 2.3463595993300856, 0.9062584021542932, 0.8491165895104364, 0.8076252838844269, 1.0352505942037675, 0.642798691253367], "ARRIVAL_TIME": [1.0, 1.375, 1.75, 2.125, 2.5, 2.875, 3.25, 3.625, 4.0, 4.375, 4.75, 5.125, 5.5, 5.875, 6.25, 6.625, 7.0, 7.375, 7.75, 8.125, 8.5, 8.875, 9.25, 9.625, 10.0], "NUM": 25, "minbatch": 1, "SIM_TIME": 15000, "CONF_LEVEL": 0.9, "NUM_BATCHES": 30, "buffer1": 10000, "boccupancy1_mean": [8726.0825276461237, 7975.7531782204942, 7310.788309375127, 6297.693326361964, 5427.057361739352, 4093.7750991882262, 3003.3745140152696, 2252.3589717933219, 1977.4004152046343, 1514.7922842732946, 1060.0480555051467, 643.58163216167191, 167.5182786980142, 246.93663763729157, 24.257913844236839, 18.356193219284076, 17.490989065030849, 11.082708950915576, 7.236995965581654, 8.353756894782034, 6.0482630551956067, 5.4929961505595148, 5.3649447655299216, 4.8131651710300272, 3.971184145863385], "buffer2": 10000}